<Actions>



	<Action id="setGasAlarmParameters">
		<Name>Set gas alarm device parameters</Name>
		<CallbackMethod>gasAlarmSetCALLBACKmenu</CallbackMethod>
		<ConfigUI>
			<Field id="devId" type="menu">
				<Label>Select gas alarm  device:</Label>
				<List class="self" filter="shellygas" method="filterActiveShellyDevicesNotChild" dynamicReload="true" />
			</Field>
			<Field id="action" type="menu">
				<Label>action:</Label>
				<List>
					<Option value="self_test">start self test</Option>
					<Option value="mute">mute current alarm</Option>
					<Option value="unmute">un-mute current alarm</Option>
				</List>
			</Field>
		</ConfigUI>
    </Action>


    <Action id="calibrateShelly25Roller">
        <Name>CALIBRATe shelly-25 roller</Name>
        <CallbackMethod>startShelly25CalibrationCALLBACKaction</CallbackMethod>
        <ConfigUI>
             <Label>select Device</Label>
            <Field id="devId" type="menu" >
                <Label>Select SHELLY device:</Label>
                <List class="self" filter="shellyswitch25" method="filterActiveShellyDevicesNotChild" dynamicReload="true"/>
            </Field>
        </ConfigUI>
    </Action>
    <Action id="stopShell25Roller">
        <Name>STOP shelly-25 ROLLER device</Name>
			<CallbackMethod>startShelly25StopCALLBACKaction</CallbackMethod>        <ConfigUI>
            <Field id="infoLabel11" type="label">
                <Label>STOP shelly-25 ROLLER device</Label>
            </Field>
            <Field id="devId" type="menu" >
                <Label>Select SHELLY-roller device:</Label>
                <List class="self" filter="shellyswitch25" method="filterActiveShellyDevicesNotChild" dynamicReload="true"/>
            </Field>
        </ConfigUI>
    </Action>         
    <Action id="positionShell25Roller">
        <Name>GOTO position shelly-25 ROLLER device</Name>
			<CallbackMethod>startShelly25roller_posCALLBACKaction</CallbackMethod>
        <ConfigUI>
            <Field id="infoLabel11" type="label">
                <Label>GOTO position shelly-25 ROLLER device</Label>
            </Field>
            <Field id="devId" type="menu" >
                <Label>Select ROLLER device:</Label>
                <List class="self" filter="shellyswitch25" method="filterActiveShellyDevicesNotChild" dynamicReload="true"/>
            </Field>
            <Field id="roller_pos" type="textfield" default="100">
                <Label>set position (0..100):</Label>
            </Field>
        </ConfigUI>
    </Action>         
    <Action id="positionwTimerShell25Roller">
        <Name>Move for xx secs shelly-25 ROLLER device</Name>
			<CallbackMethod>startShelly25roller_poswTimerCALLBACKaction</CallbackMethod>
        <ConfigUI>
            <Field id="infoLabel11" type="label">
                <Label>Move for xx secs shelly-25 ROLLER device</Label>
            </Field>
            <Field id="devId" type="menu" >
                <Label>Select ROLLER device:</Label>
                <List class="self" filter="shellyswitch25" method="filterActiveShellyDevicesNotChild" dynamicReload="true"/>
            </Field>
            <Field id="duration" type="textfield" default="5">
                <Label>move for xx secs:</Label>
            </Field>
            <Field id="direction" type="menu" default="open">
                <Label>direction:</Label>
 				<List>
					<Option value="open"    >open</Option>
					<Option value="close"   >close</Option>
				</List>
           </Field>
        </ConfigUI>
    </Action>         

</Actions>
